Pos_1_x,Pos_1_y,Pos_1_z,Pos_2_x,Pos_2_y,Pos_2_z,Diameter, center_x_perc, center_y_perc, center_z_perc, Slice_number, IsNodule
263.2743879908,183.6931217523,140,254.002784157189,166.386127929558,140,19.6340182547503,0.646596465184986,0.437599062102322,0.498575498575499,13,1
