Pos_1_x,Pos_1_y,Pos_1_z,Pos_2_x,Pos_2_y,Pos_2_z,Diameter, center_x_perc, center_y_perc, center_z_perc, Slice_number, IsNodule
228.895773442714,212.996956657178,178.5,232.605497359339,210.877114419107,178.5,4.27267862726529,0.705659435477145,0.648125490942332,0.497907949790795,3,1
128.52508659733,191.028895954154,285,125.740263408165,182.674426386658,285,8.80638415861667,0.388784938846323,0.571411807860569,0.794979079497908,7,1
231.254119797655,187.3157983686,127.5,237.752040572374,186.696948771008,127.5,6.52732328132817,0.717134801789035,0.571884934464233,0.355648535564854,18,1
